    

    [
    {"id":"1","isocode":"AF","shortname":"Afghanistan","longname":"Islamic Republic of Afghanistan","iso3":"AFG","numcode":"004","un":"yes","dialingcode":"93","domain":".af"},
    {"id":"2","isocode":"AX","shortname":"Aland Islands","longname":"&Aring;land Islands","iso3":"ALA","numcode":"248","un":"no","dialingcode":"358","domain":".ax"},
    {"id":"3","isocode":"AL","shortname":"Albania","longname":"Republic of Albania","iso3":"ALB","numcode":"008","un":"yes","dialingcode":"355","domain":".al"},
    {"id":"4","isocode":"DZ","shortname":"Algeria","longname":"People's Democratic Republic of Algeria","iso3":"DZA","numcode":"012","un":"yes","dialingcode":"213","domain":".dz"},
    {"id":"5","isocode":"AS","shortname":"American Samoa","longname":"American Samoa","iso3":"ASM","numcode":"016","un":"no","dialingcode":"1+684","domain":".as"},
    {"id":"6","isocode":"AD","shortname":"Andorra","longname":"Principality of Andorra","iso3":"AND","numcode":"020","un":"yes","dialingcode":"376","domain":".ad"},
    {"id":"7","isocode":"AO","shortname":"Angola","longname":"Republic of Angola","iso3":"AGO","numcode":"024","un":"yes","dialingcode":"244","domain":".ao"},
    {"id":"8","isocode":"AI","shortname":"Anguilla","longname":"Anguilla","iso3":"AIA","numcode":"660","un":"no","dialingcode":"1+264","domain":".ai"},
    {"id":"9","isocode":"AQ","shortname":"Antarctica","longname":"Antarctica","iso3":"ATA","numcode":"010","un":"no","dialingcode":"672","domain":".aq"},
    {"id":"10","isocode":"AG","shortname":"Antigua and Barbuda","longname":"Antigua and Barbuda","iso3":"ATG","numcode":"028","un":"yes","dialingcode":"1+268","domain":".ag"},
    {"id":"11","isocode":"AR","shortname":"Argentina","longname":"Argentine Republic","iso3":"ARG","numcode":"032","un":"yes","dialingcode":"54","domain":".ar"},
    {"id":"12","isocode":"AM","shortname":"Armenia","longname":"Republic of Armenia","iso3":"ARM","numcode":"051","un":"yes","dialingcode":"374","domain":".am"},
    {"id":"13","isocode":"AW","shortname":"Aruba","longname":"Aruba","iso3":"ABW","numcode":"533","un":"no","dialingcode":"297","domain":".aw"},
    {"id":"14","isocode":"AU","shortname":"Australia","longname":"Commonwealth of Australia","iso3":"AUS","numcode":"036","un":"yes","dialingcode":"61","domain":".au"},
    {"id":"15","isocode":"AT","shortname":"Austria","longname":"Republic of Austria","iso3":"AUT","numcode":"040","un":"yes","dialingcode":"43","domain":".at"},
    {"id":"16","isocode":"AZ","shortname":"Azerbaijan","longname":"Republic of Azerbaijan","iso3":"AZE","numcode":"031","un":"yes","dialingcode":"994","domain":".az"},
    {"id":"17","isocode":"BS","shortname":"Bahamas","longname":"Commonwealth of The Bahamas","iso3":"BHS","numcode":"044","un":"yes","dialingcode":"1+242","domain":".bs"},
    {"id":"18","isocode":"BH","shortname":"Bahrain","longname":"Kingdom of Bahrain","iso3":"BHR","numcode":"048","un":"yes","dialingcode":"973","domain":".bh"},
    {"id":"19","isocode":"BD","shortname":"Bangladesh","longname":"People's Republic of Bangladesh","iso3":"BGD","numcode":"050","un":"yes","dialingcode":"880","domain":".bd"},
    {"id":"20","isocode":"BB","shortname":"Barbados","longname":"Barbados","iso3":"BRB","numcode":"052","un":"yes","dialingcode":"1+246","domain":".bb"},
    {"id":"21","isocode":"BY","shortname":"Belarus","longname":"Republic of Belarus","iso3":"BLR","numcode":"112","un":"yes","dialingcode":"375","domain":".by"},
    {"id":"22","isocode":"BE","shortname":"Belgium","longname":"Kingdom of Belgium","iso3":"BEL","numcode":"056","un":"yes","dialingcode":"32","domain":".be"},
    {"id":"23","isocode":"BZ","shortname":"Belize","longname":"Belize","iso3":"BLZ","numcode":"084","un":"yes","dialingcode":"501","domain":".bz"},
    {"id":"24","isocode":"BJ","shortname":"Benin","longname":"Republic of Benin","iso3":"BEN","numcode":"204","un":"yes","dialingcode":"229","domain":".bj"},
    {"id":"25","isocode":"BM","shortname":"Bermuda","longname":"Bermuda Islands","iso3":"BMU","numcode":"060","un":"no","dialingcode":"1+441","domain":".bm"},
    {"id":"26","isocode":"BT","shortname":"Bhutan","longname":"Kingdom of Bhutan","iso3":"BTN","numcode":"064","un":"yes","dialingcode":"975","domain":".bt"},
    {"id":"27","isocode":"BO","shortname":"Bolivia","longname":"Plurinational State of Bolivia","iso3":"BOL","numcode":"068","un":"yes","dialingcode":"591","domain":".bo"},
    {"id":"28","isocode":"BQ","shortname":"Bonaire, Sint Eustatius and Saba","longname":"Bonaire, Sint Eustatius and Saba","iso3":"BES","numcode":"535","un":"no","dialingcode":"599","domain":".bq"},
    {"id":"29","isocode":"BA","shortname":"Bosnia and Herzegovina","longname":"Bosnia and Herzegovina","iso3":"BIH","numcode":"070","un":"yes","dialingcode":"387","domain":".ba"},
    {"id":"30","isocode":"BW","shortname":"Botswana","longname":"Republic of Botswana","iso3":"BWA","numcode":"072","un":"yes","dialingcode":"267","domain":".bw"},
    {"id":"31","isocode":"BV","shortname":"Bouvet Island","longname":"Bouvet Island","iso3":"BVT","numcode":"074","un":"no","dialingcode":"NONE","domain":".bv"},
    {"id":"32","isocode":"BR","shortname":"Brazil","longname":"Federative Republic of Brazil","iso3":"BRA","numcode":"076","un":"yes","dialingcode":"55","domain":".br"},
    {"id":"33","isocode":"IO","shortname":"British Indian Ocean Territory","longname":"British Indian Ocean Territory","iso3":"IOT","numcode":"086","un":"no","dialingcode":"246","domain":".io"},
    {"id":"34","isocode":"BN","shortname":"Brunei","longname":"Brunei Darussalam","iso3":"BRN","numcode":"096","un":"yes","dialingcode":"673","domain":".bn"},
    {"id":"35","isocode":"BG","shortname":"Bulgaria","longname":"Republic of Bulgaria","iso3":"BGR","numcode":"100","un":"yes","dialingcode":"359","domain":".bg"},
    {"id":"36","isocode":"BF","shortname":"Burkina Faso","longname":"Burkina Faso","iso3":"BFA","numcode":"854","un":"yes","dialingcode":"226","domain":".bf"},
    {"id":"37","isocode":"BI","shortname":"Burundi","longname":"Republic of Burundi","iso3":"BDI","numcode":"108","un":"yes","dialingcode":"257","domain":".bi"},
    {"id":"38","isocode":"KH","shortname":"Cambodia","longname":"Kingdom of Cambodia","iso3":"KHM","numcode":"116","un":"yes","dialingcode":"855","domain":".kh"},
    {"id":"39","isocode":"CM","shortname":"Cameroon","longname":"Republic of Cameroon","iso3":"CMR","numcode":"120","un":"yes","dialingcode":"237","domain":".cm"},
    {"id":"40","isocode":"CA","shortname":"Canada","longname":"Canada","iso3":"CAN","numcode":"124","un":"yes","dialingcode":"1","domain":".ca"},
    {"id":"41","isocode":"CV","shortname":"Cape Verde","longname":"Republic of Cape Verde","iso3":"CPV","numcode":"132","un":"yes","dialingcode":"238","domain":".cv"},
    {"id":"42","isocode":"KY","shortname":"Cayman Islands","longname":"The Cayman Islands","iso3":"CYM","numcode":"136","un":"no","dialingcode":"1+345","domain":".ky"},
    {"id":"43","isocode":"CF","shortname":"Central African Republic","longname":"Central African Republic","iso3":"CAF","numcode":"140","un":"yes","dialingcode":"236","domain":".cf"},
    {"id":"44","isocode":"TD","shortname":"Chad","longname":"Republic of Chad","iso3":"TCD","numcode":"148","un":"yes","dialingcode":"235","domain":".td"},
    {"id":"45","isocode":"CL","shortname":"Chile","longname":"Republic of Chile","iso3":"CHL","numcode":"152","un":"yes","dialingcode":"56","domain":".cl"},
    {"id":"46","isocode":"CN","shortname":"China","longname":"People's Republic of China","iso3":"CHN","numcode":"156","un":"yes","dialingcode":"86","domain":".cn"},
    {"id":"47","isocode":"CX","shortname":"Christmas Island","longname":"Christmas Island","iso3":"CXR","numcode":"162","un":"no","dialingcode":"61","domain":".cx"},
    {"id":"48","isocode":"CC","shortname":"Cocos (Keeling) Islands","longname":"Cocos (Keeling) Islands","iso3":"CCK","numcode":"166","un":"no","dialingcode":"61","domain":".cc"},
    {"id":"49","isocode":"CO","shortname":"Colombia","longname":"Republic of Colombia","iso3":"COL","numcode":"170","un":"yes","dialingcode":"57","domain":".co"},
    {"id":"50","isocode":"KM","shortname":"Comoros","longname":"Union of the Comoros","iso3":"COM","numcode":"174","un":"yes","dialingcode":"269","domain":".km"},
    {"id":"51","isocode":"CG","shortname":"Congo","longname":"Republic of the Congo","iso3":"COG","numcode":"178","un":"yes","dialingcode":"242","domain":".cg"},
    {"id":"52","isocode":"CK","shortname":"Cook Islands","longname":"Cook Islands","iso3":"COK","numcode":"184","un":"some","dialingcode":"682","domain":".ck"},
    {"id":"53","isocode":"CR","shortname":"Costa Rica","longname":"Republic of Costa Rica","iso3":"CRI","numcode":"188","un":"yes","dialingcode":"506","domain":".cr"},
    {"id":"54","isocode":"CI","shortname":"Cote d'ivoire (Ivory Coast)","longname":"Republic of C&ocirc;te D'Ivoire (Ivory Coast)","iso3":"CIV","numcode":"384","un":"yes","dialingcode":"225","domain":".ci"},
    {"id":"55","isocode":"HR","shortname":"Croatia","longname":"Republic of Croatia","iso3":"HRV","numcode":"191","un":"yes","dialingcode":"385","domain":".hr"},
    {"id":"56","isocode":"CU","shortname":"Cuba","longname":"Republic of Cuba","iso3":"CUB","numcode":"192","un":"yes","dialingcode":"53","domain":".cu"},
    {"id":"57","isocode":"CW","shortname":"Curacao","longname":"Cura&ccedil;ao","iso3":"CUW","numcode":"531","un":"no","dialingcode":"599","domain":".cw"},
    {"id":"58","isocode":"CY","shortname":"Cyprus","longname":"Republic of Cyprus","iso3":"CYP","numcode":"196","un":"yes","dialingcode":"357","domain":".cy"},
    {"id":"59","isocode":"CZ","shortname":"Czech Republic","longname":"Czech Republic","iso3":"CZE","numcode":"203","un":"yes","dialingcode":"420","domain":".cz"},
    {"id":"60","isocode":"CD","shortname":"Democratic Republic of the Congo","longname":"Democratic Republic of the Congo","iso3":"COD","numcode":"180","un":"yes","dialingcode":"243","domain":".cd"},
    {"id":"61","isocode":"DK","shortname":"Denmark","longname":"Kingdom of Denmark","iso3":"DNK","numcode":"208","un":"yes","dialingcode":"45","domain":".dk"},
    {"id":"62","isocode":"DJ","shortname":"Djibouti","longname":"Republic of Djibouti","iso3":"DJI","numcode":"262","un":"yes","dialingcode":"253","domain":".dj"},
    {"id":"63","isocode":"DM","shortname":"Dominica","longname":"Commonwealth of Dominica","iso3":"DMA","numcode":"212","un":"yes","dialingcode":"1+767","domain":".dm"},
    {"id":"64","isocode":"DO","shortname":"Dominican Republic","longname":"Dominican Republic","iso3":"DOM","numcode":"214","un":"yes","dialingcode":"1+809, 8","domain":".do"},
    {"id":"65","isocode":"EC","shortname":"Ecuador","longname":"Republic of Ecuador","iso3":"ECU","numcode":"218","un":"yes","dialingcode":"593","domain":".ec"},
    {"id":"66","isocode":"EG","shortname":"Egypt","longname":"Arab Republic of Egypt","iso3":"EGY","numcode":"818","un":"yes","dialingcode":"20","domain":".eg"},
    {"id":"67","isocode":"SV","shortname":"El Salvador","longname":"Republic of El Salvador","iso3":"SLV","numcode":"222","un":"yes","dialingcode":"503","domain":".sv"},
    {"id":"68","isocode":"GQ","shortname":"Equatorial Guinea","longname":"Republic of Equatorial Guinea","iso3":"GNQ","numcode":"226","un":"yes","dialingcode":"240","domain":".gq"},
    {"id":"69","isocode":"ER","shortname":"Eritrea","longname":"State of Eritrea","iso3":"ERI","numcode":"232","un":"yes","dialingcode":"291","domain":".er"},
    {"id":"70","isocode":"EE","shortname":"Estonia","longname":"Republic of Estonia","iso3":"EST","numcode":"233","un":"yes","dialingcode":"372","domain":".ee"},
    {"id":"71","isocode":"ET","shortname":"Ethiopia","longname":"Federal Democratic Republic of Ethiopia","iso3":"ETH","numcode":"231","un":"yes","dialingcode":"251","domain":".et"},
    {"id":"72","isocode":"FK","shortname":"Falkland Islands (Malvinas)","longname":"The Falkland Islands (Malvinas)","iso3":"FLK","numcode":"238","un":"no","dialingcode":"500","domain":".fk"},
    {"id":"73","isocode":"FO","shortname":"Faroe Islands","longname":"The Faroe Islands","iso3":"FRO","numcode":"234","un":"no","dialingcode":"298","domain":".fo"},
    {"id":"74","isocode":"FJ","shortname":"Fiji","longname":"Republic of Fiji","iso3":"FJI","numcode":"242","un":"yes","dialingcode":"679","domain":".fj"},
    {"id":"75","isocode":"FI","shortname":"Finland","longname":"Republic of Finland","iso3":"FIN","numcode":"246","un":"yes","dialingcode":"358","domain":".fi"},
    {"id":"76","isocode":"FR","shortname":"France","longname":"French Republic","iso3":"FRA","numcode":"250","un":"yes","dialingcode":"33","domain":".fr"},
    {"id":"77","isocode":"GF","shortname":"French Guiana","longname":"French Guiana","iso3":"GUF","numcode":"254","un":"no","dialingcode":"594","domain":".gf"},
    {"id":"78","isocode":"PF","shortname":"French Polynesia","longname":"French Polynesia","iso3":"PYF","numcode":"258","un":"no","dialingcode":"689","domain":".pf"},
    {"id":"79","isocode":"TF","shortname":"French Southern Territories","longname":"French Southern Territories","iso3":"ATF","numcode":"260","un":"no","dialingcode":null,"domain":".tf"},
    {"id":"80","isocode":"GA","shortname":"Gabon","longname":"Gabonese Republic","iso3":"GAB","numcode":"266","un":"yes","dialingcode":"241","domain":".ga"},
    {"id":"81","isocode":"GM","shortname":"Gambia","longname":"Republic of The Gambia","iso3":"GMB","numcode":"270","un":"yes","dialingcode":"220","domain":".gm"},
    {"id":"82","isocode":"GE","shortname":"Georgia","longname":"Georgia","iso3":"GEO","numcode":"268","un":"yes","dialingcode":"995","domain":".ge"},
    {"id":"83","isocode":"DE","shortname":"Germany","longname":"Federal Republic of Germany","iso3":"DEU","numcode":"276","un":"yes","dialingcode":"49","domain":".de"},
    {"id":"84","isocode":"GH","shortname":"Ghana","longname":"Republic of Ghana","iso3":"GHA","numcode":"288","un":"yes","dialingcode":"233","domain":".gh"},
    {"id":"85","isocode":"GI","shortname":"Gibraltar","longname":"Gibraltar","iso3":"GIB","numcode":"292","un":"no","dialingcode":"350","domain":".gi"},
    {"id":"86","isocode":"GR","shortname":"Greece","longname":"Hellenic Republic","iso3":"GRC","numcode":"300","un":"yes","dialingcode":"30","domain":".gr"},
    {"id":"87","isocode":"GL","shortname":"Greenland","longname":"Greenland","iso3":"GRL","numcode":"304","un":"no","dialingcode":"299","domain":".gl"},
    {"id":"88","isocode":"GD","shortname":"Grenada","longname":"Grenada","iso3":"GRD","numcode":"308","un":"yes","dialingcode":"1+473","domain":".gd"},
    {"id":"89","isocode":"GP","shortname":"Guadaloupe","longname":"Guadeloupe","iso3":"GLP","numcode":"312","un":"no","dialingcode":"590","domain":".gp"},
    {"id":"90","isocode":"GU","shortname":"Guam","longname":"Guam","iso3":"GUM","numcode":"316","un":"no","dialingcode":"1+671","domain":".gu"},
    {"id":"91","isocode":"GT","shortname":"Guatemala","longname":"Republic of Guatemala","iso3":"GTM","numcode":"320","un":"yes","dialingcode":"502","domain":".gt"},
    {"id":"92","isocode":"GG","shortname":"Guernsey","longname":"Guernsey","iso3":"GGY","numcode":"831","un":"no","dialingcode":"44","domain":".gg"},
    {"id":"93","isocode":"GN","shortname":"Guinea","longname":"Republic of Guinea","iso3":"GIN","numcode":"324","un":"yes","dialingcode":"224","domain":".gn"},
    {"id":"94","isocode":"GW","shortname":"Guinea-Bissau","longname":"Republic of Guinea-Bissau","iso3":"GNB","numcode":"624","un":"yes","dialingcode":"245","domain":".gw"},
    {"id":"95","isocode":"GY","shortname":"Guyana","longname":"Co-operative Republic of Guyana","iso3":"GUY","numcode":"328","un":"yes","dialingcode":"592","domain":".gy"},
    {"id":"96","isocode":"HT","shortname":"Haiti","longname":"Republic of Haiti","iso3":"HTI","numcode":"332","un":"yes","dialingcode":"509","domain":".ht"},
    {"id":"97","isocode":"HM","shortname":"Heard Island and McDonald Islands","longname":"Heard Island and McDonald Islands","iso3":"HMD","numcode":"334","un":"no","dialingcode":"NONE","domain":".hm"},
    {"id":"98","isocode":"HN","shortname":"Honduras","longname":"Republic of Honduras","iso3":"HND","numcode":"340","un":"yes","dialingcode":"504","domain":".hn"},
    {"id":"99","isocode":"HK","shortname":"Hong Kong","longname":"Hong Kong","iso3":"HKG","numcode":"344","un":"no","dialingcode":"852","domain":".hk"},
    {"id":"100","isocode":"HU","shortname":"Hungary","longname":"Hungary","iso3":"HUN","numcode":"348","un":"yes","dialingcode":"36","domain":".hu"},
    {"id":"101","isocode":"IS","shortname":"Iceland","longname":"Republic of Iceland","iso3":"ISL","numcode":"352","un":"yes","dialingcode":"354","domain":".is"},
    {"id":"102","isocode":"IN","shortname":"India","longname":"Republic of India","iso3":"IND","numcode":"356","un":"yes","dialingcode":"91","domain":".in"},
    {"id":"103","isocode":"ID","shortname":"Indonesia","longname":"Republic of Indonesia","iso3":"IDN","numcode":"360","un":"yes","dialingcode":"62","domain":".id"},
    {"id":"104","isocode":"IR","shortname":"Iran","longname":"Islamic Republic of Iran","iso3":"IRN","numcode":"364","un":"yes","dialingcode":"98","domain":".ir"},
    {"id":"105","isocode":"IQ","shortname":"Iraq","longname":"Republic of Iraq","iso3":"IRQ","numcode":"368","un":"yes","dialingcode":"964","domain":".iq"},
    {"id":"106","isocode":"IE","shortname":"Ireland","longname":"Ireland","iso3":"IRL","numcode":"372","un":"yes","dialingcode":"353","domain":".ie"},
    {"id":"107","isocode":"IM","shortname":"Isle of Man","longname":"Isle of Man","iso3":"IMN","numcode":"833","un":"no","dialingcode":"44","domain":".im"},
    {"id":"108","isocode":"IL","shortname":"Israel","longname":"State of Israel","iso3":"ISR","numcode":"376","un":"yes","dialingcode":"972","domain":".il"},
    {"id":"109","isocode":"IT","shortname":"Italy","longname":"Italian Republic","iso3":"ITA","numcode":"380","un":"yes","dialingcode":"39","domain":".jm"},
    {"id":"110","isocode":"JM","shortname":"Jamaica","longname":"Jamaica","iso3":"JAM","numcode":"388","un":"yes","dialingcode":"1+876","domain":".jm"},
    {"id":"111","isocode":"JP","shortname":"Japan","longname":"Japan","iso3":"JPN","numcode":"392","un":"yes","dialingcode":"81","domain":".jp"},
    {"id":"112","isocode":"JE","shortname":"Jersey","longname":"The Bailiwick of Jersey","iso3":"JEY","numcode":"832","un":"no","dialingcode":"44","domain":".je"},
    {"id":"113","isocode":"JO","shortname":"Jordan","longname":"Hashemite Kingdom of Jordan","iso3":"JOR","numcode":"400","un":"yes","dialingcode":"962","domain":".jo"},
    {"id":"114","isocode":"KZ","shortname":"Kazakhstan","longname":"Republic of Kazakhstan","iso3":"KAZ","numcode":"398","un":"yes","dialingcode":"7","domain":".kz"},
    {"id":"115","isocode":"KE","shortname":"Kenya","longname":"Republic of Kenya","iso3":"KEN","numcode":"404","un":"yes","dialingcode":"254","domain":".ke"},
    {"id":"116","isocode":"KI","shortname":"Kiribati","longname":"Republic of Kiribati","iso3":"KIR","numcode":"296","un":"yes","dialingcode":"686","domain":".ki"},
    {"id":"117","isocode":"XK","shortname":"Kosovo","longname":"Republic of Kosovo","iso3":"---","numcode":"---","un":"some","dialingcode":"381","domain":""},
    {"id":"118","isocode":"KW","shortname":"Kuwait","longname":"State of Kuwait","iso3":"KWT","numcode":"414","un":"yes","dialingcode":"965","domain":".kw"},
    {"id":"119","isocode":"KG","shortname":"Kyrgyzstan","longname":"Kyrgyz Republic","iso3":"KGZ","numcode":"417","un":"yes","dialingcode":"996","domain":".kg"},
    {"id":"120","isocode":"LA","shortname":"Laos","longname":"Lao People's Democratic Republic","iso3":"LAO","numcode":"418","un":"yes","dialingcode":"856","domain":".la"},
    {"id":"121","isocode":"LV","shortname":"Latvia","longname":"Republic of Latvia","iso3":"LVA","numcode":"428","un":"yes","dialingcode":"371","domain":".lv"},
    {"id":"122","isocode":"LB","shortname":"Lebanon","longname":"Republic of Lebanon","iso3":"LBN","numcode":"422","un":"yes","dialingcode":"961","domain":".lb"},
    {"id":"123","isocode":"LS","shortname":"Lesotho","longname":"Kingdom of Lesotho","iso3":"LSO","numcode":"426","un":"yes","dialingcode":"266","domain":".ls"},
    {"id":"124","isocode":"LR","shortname":"Liberia","longname":"Republic of Liberia","iso3":"LBR","numcode":"430","un":"yes","dialingcode":"231","domain":".lr"},
    {"id":"125","isocode":"LY","shortname":"Libya","longname":"Libya","iso3":"LBY","numcode":"434","un":"yes","dialingcode":"218","domain":".ly"},
    {"id":"126","isocode":"LI","shortname":"Liechtenstein","longname":"Principality of Liechtenstein","iso3":"LIE","numcode":"438","un":"yes","dialingcode":"423","domain":".li"},
    {"id":"127","isocode":"LT","shortname":"Lithuania","longname":"Republic of Lithuania","iso3":"LTU","numcode":"440","un":"yes","dialingcode":"370","domain":".lt"},
    {"id":"128","isocode":"LU","shortname":"Luxembourg","longname":"Grand Duchy of Luxembourg","iso3":"LUX","numcode":"442","un":"yes","dialingcode":"352","domain":".lu"},
    {"id":"129","isocode":"MO","shortname":"Macao","longname":"The Macao Special Administrative Region","iso3":"MAC","numcode":"446","un":"no","dialingcode":"853","domain":".mo"},
    {"id":"130","isocode":"MK","shortname":"Macedonia","longname":"The Former Yugoslav Republic of Macedonia","iso3":"MKD","numcode":"807","un":"yes","dialingcode":"389","domain":".mk"},
    {"id":"131","isocode":"MG","shortname":"Madagascar","longname":"Republic of Madagascar","iso3":"MDG","numcode":"450","un":"yes","dialingcode":"261","domain":".mg"},
    {"id":"132","isocode":"MW","shortname":"Malawi","longname":"Republic of Malawi","iso3":"MWI","numcode":"454","un":"yes","dialingcode":"265","domain":".mw"},
    {"id":"133","isocode":"MY","shortname":"Malaysia","longname":"Malaysia","iso3":"MYS","numcode":"458","un":"yes","dialingcode":"60","domain":".my"},
    {"id":"134","isocode":"MV","shortname":"Maldives","longname":"Republic of Maldives","iso3":"MDV","numcode":"462","un":"yes","dialingcode":"960","domain":".mv"},
    {"id":"135","isocode":"ML","shortname":"Mali","longname":"Republic of Mali","iso3":"MLI","numcode":"466","un":"yes","dialingcode":"223","domain":".ml"},
    {"id":"136","isocode":"MT","shortname":"Malta","longname":"Republic of Malta","iso3":"MLT","numcode":"470","un":"yes","dialingcode":"356","domain":".mt"},
    {"id":"137","isocode":"MH","shortname":"Marshall Islands","longname":"Republic of the Marshall Islands","iso3":"MHL","numcode":"584","un":"yes","dialingcode":"692","domain":".mh"},
    {"id":"138","isocode":"MQ","shortname":"Martinique","longname":"Martinique","iso3":"MTQ","numcode":"474","un":"no","dialingcode":"596","domain":".mq"},
    {"id":"139","isocode":"MR","shortname":"Mauritania","longname":"Islamic Republic of Mauritania","iso3":"MRT","numcode":"478","un":"yes","dialingcode":"222","domain":".mr"},
    {"id":"140","isocode":"MU","shortname":"Mauritius","longname":"Republic of Mauritius","iso3":"MUS","numcode":"480","un":"yes","dialingcode":"230","domain":".mu"},
    {"id":"141","isocode":"YT","shortname":"Mayotte","longname":"Mayotte","iso3":"MYT","numcode":"175","un":"no","dialingcode":"262","domain":".yt"},
    {"id":"142","isocode":"MX","shortname":"Mexico","longname":"United Mexican States","iso3":"MEX","numcode":"484","un":"yes","dialingcode":"52","domain":".mx"},
    {"id":"143","isocode":"FM","shortname":"Micronesia","longname":"Federated States of Micronesia","iso3":"FSM","numcode":"583","un":"yes","dialingcode":"691","domain":".fm"},
    {"id":"144","isocode":"MD","shortname":"Moldava","longname":"Republic of Moldova","iso3":"MDA","numcode":"498","un":"yes","dialingcode":"373","domain":".md"},
    {"id":"145","isocode":"MC","shortname":"Monaco","longname":"Principality of Monaco","iso3":"MCO","numcode":"492","un":"yes","dialingcode":"377","domain":".mc"},
    {"id":"146","isocode":"MN","shortname":"Mongolia","longname":"Mongolia","iso3":"MNG","numcode":"496","un":"yes","dialingcode":"976","domain":".mn"},
    {"id":"147","isocode":"ME","shortname":"Montenegro","longname":"Montenegro","iso3":"MNE","numcode":"499","un":"yes","dialingcode":"382","domain":".me"},
    {"id":"148","isocode":"MS","shortname":"Montserrat","longname":"Montserrat","iso3":"MSR","numcode":"500","un":"no","dialingcode":"1+664","domain":".ms"},
    {"id":"149","isocode":"MA","shortname":"Morocco","longname":"Kingdom of Morocco","iso3":"MAR","numcode":"504","un":"yes","dialingcode":"212","domain":".ma"},
    {"id":"150","isocode":"MZ","shortname":"Mozambique","longname":"Republic of Mozambique","iso3":"MOZ","numcode":"508","un":"yes","dialingcode":"258","domain":".mz"},
    {"id":"151","isocode":"MM","shortname":"Myanmar (Burma)","longname":"Republic of the Union of Myanmar","iso3":"MMR","numcode":"104","un":"yes","dialingcode":"95","domain":".mm"},
    {"id":"152","isocode":"NA","shortname":"Namibia","longname":"Republic of Namibia","iso3":"NAM","numcode":"516","un":"yes","dialingcode":"264","domain":".na"},
    {"id":"153","isocode":"NR","shortname":"Nauru","longname":"Republic of Nauru","iso3":"NRU","numcode":"520","un":"yes","dialingcode":"674","domain":".nr"},
    {"id":"154","isocode":"NP","shortname":"Nepal","longname":"Federal Democratic Republic of Nepal","iso3":"NPL","numcode":"524","un":"yes","dialingcode":"977","domain":".np"},
    {"id":"155","isocode":"NL","shortname":"Netherlands","longname":"Kingdom of the Netherlands","iso3":"NLD","numcode":"528","un":"yes","dialingcode":"31","domain":".nl"},
    {"id":"156","isocode":"NC","shortname":"New Caledonia","longname":"New Caledonia","iso3":"NCL","numcode":"540","un":"no","dialingcode":"687","domain":".nc"},
    {"id":"157","isocode":"NZ","shortname":"New Zealand","longname":"New Zealand","iso3":"NZL","numcode":"554","un":"yes","dialingcode":"64","domain":".nz"},
    {"id":"158","isocode":"NI","shortname":"Nicaragua","longname":"Republic of Nicaragua","iso3":"NIC","numcode":"558","un":"yes","dialingcode":"505","domain":".ni"},
    {"id":"159","isocode":"NE","shortname":"Niger","longname":"Republic of Niger","iso3":"NER","numcode":"562","un":"yes","dialingcode":"227","domain":".ne"},
    {"id":"160","isocode":"NG","shortname":"Nigeria","longname":"Federal Republic of Nigeria","iso3":"NGA","numcode":"566","un":"yes","dialingcode":"234","domain":".ng"},
    {"id":"161","isocode":"NU","shortname":"Niue","longname":"Niue","iso3":"NIU","numcode":"570","un":"some","dialingcode":"683","domain":".nu"},
    {"id":"162","isocode":"NF","shortname":"Norfolk Island","longname":"Norfolk Island","iso3":"NFK","numcode":"574","un":"no","dialingcode":"672","domain":".nf"},
    {"id":"163","isocode":"KP","shortname":"North Korea","longname":"Democratic People's Republic of Korea","iso3":"PRK","numcode":"408","un":"yes","dialingcode":"850","domain":".kp"},
    {"id":"164","isocode":"MP","shortname":"Northern Mariana Islands","longname":"Northern Mariana Islands","iso3":"MNP","numcode":"580","un":"no","dialingcode":"1+670","domain":".mp"},
    {"id":"165","isocode":"NO","shortname":"Norway","longname":"Kingdom of Norway","iso3":"NOR","numcode":"578","un":"yes","dialingcode":"47","domain":".no"},
    {"id":"166","isocode":"OM","shortname":"Oman","longname":"Sultanate of Oman","iso3":"OMN","numcode":"512","un":"yes","dialingcode":"968","domain":".om"},
    {"id":"167","isocode":"PK","shortname":"Pakistan","longname":"Islamic Republic of Pakistan","iso3":"PAK","numcode":"586","un":"yes","dialingcode":"92","domain":".pk"},
    {"id":"168","isocode":"PW","shortname":"Palau","longname":"Republic of Palau","iso3":"PLW","numcode":"585","un":"yes","dialingcode":"680","domain":".pw"},
    {"id":"169","isocode":"PS","shortname":"Palestine","longname":"State of Palestine (or Occupied Palestinian Territory)","iso3":"PSE","numcode":"275","un":"some","dialingcode":"970","domain":".ps"},
    {"id":"170","isocode":"PA","shortname":"Panama","longname":"Republic of Panama","iso3":"PAN","numcode":"591","un":"yes","dialingcode":"507","domain":".pa"},
    {"id":"171","isocode":"PG","shortname":"Papua New Guinea","longname":"Independent State of Papua New Guinea","iso3":"PNG","numcode":"598","un":"yes","dialingcode":"675","domain":".pg"},
    {"id":"172","isocode":"PY","shortname":"Paraguay","longname":"Republic of Paraguay","iso3":"PRY","numcode":"600","un":"yes","dialingcode":"595","domain":".py"},
    {"id":"173","isocode":"PE","shortname":"Peru","longname":"Republic of Peru","iso3":"PER","numcode":"604","un":"yes","dialingcode":"51","domain":".pe"},
    {"id":"174","isocode":"PH","shortname":"Phillipines","longname":"Republic of the Philippines","iso3":"PHL","numcode":"608","un":"yes","dialingcode":"63","domain":".ph"},
    {"id":"175","isocode":"PN","shortname":"Pitcairn","longname":"Pitcairn","iso3":"PCN","numcode":"612","un":"no","dialingcode":"NONE","domain":".pn"},
    {"id":"176","isocode":"PL","shortname":"Poland","longname":"Republic of Poland","iso3":"POL","numcode":"616","un":"yes","dialingcode":"48","domain":".pl"},
    {"id":"177","isocode":"PT","shortname":"Portugal","longname":"Portuguese Republic","iso3":"PRT","numcode":"620","un":"yes","dialingcode":"351","domain":".pt"},
    {"id":"178","isocode":"PR","shortname":"Puerto Rico","longname":"Commonwealth of Puerto Rico","iso3":"PRI","numcode":"630","un":"no","dialingcode":"1+939","domain":".pr"},
    {"id":"179","isocode":"QA","shortname":"Qatar","longname":"State of Qatar","iso3":"QAT","numcode":"634","un":"yes","dialingcode":"974","domain":".qa"},
    {"id":"180","isocode":"RE","shortname":"Reunion","longname":"R&eacute;union","iso3":"REU","numcode":"638","un":"no","dialingcode":"262","domain":".re"},
    {"id":"181","isocode":"RO","shortname":"Romania","longname":"Romania","iso3":"ROU","numcode":"642","un":"yes","dialingcode":"40","domain":".ro"},
    {"id":"182","isocode":"RU","shortname":"Russia","longname":"Russian Federation","iso3":"RUS","numcode":"643","un":"yes","dialingcode":"7","domain":".ru"},
    {"id":"183","isocode":"RW","shortname":"Rwanda","longname":"Republic of Rwanda","iso3":"RWA","numcode":"646","un":"yes","dialingcode":"250","domain":".rw"},
    {"id":"184","isocode":"BL","shortname":"Saint Barthelemy","longname":"Saint Barth&eacute;lemy","iso3":"BLM","numcode":"652","un":"no","dialingcode":"590","domain":".bl"},
    {"id":"185","isocode":"SH","shortname":"Saint Helena","longname":"Saint Helena, Ascension and Tristan da Cunha","iso3":"SHN","numcode":"654","un":"no","dialingcode":"290","domain":".sh"},
    {"id":"186","isocode":"KN","shortname":"Saint Kitts and Nevis","longname":"Federation of Saint Christopher and Nevis","iso3":"KNA","numcode":"659","un":"yes","dialingcode":"1+869","domain":".kn"},
    {"id":"187","isocode":"LC","shortname":"Saint Lucia","longname":"Saint Lucia","iso3":"LCA","numcode":"662","un":"yes","dialingcode":"1+758","domain":".lc"},
    {"id":"188","isocode":"MF","shortname":"Saint Martin","longname":"Saint Martin","iso3":"MAF","numcode":"663","un":"no","dialingcode":"590","domain":".mf"},
    {"id":"189","isocode":"PM","shortname":"Saint Pierre and Miquelon","longname":"Saint Pierre and Miquelon","iso3":"SPM","numcode":"666","un":"no","dialingcode":"508","domain":".pm"},
    {"id":"190","isocode":"VC","shortname":"Saint Vincent and the Grenadines","longname":"Saint Vincent and the Grenadines","iso3":"VCT","numcode":"670","un":"yes","dialingcode":"1+784","domain":".vc"},
    {"id":"191","isocode":"WS","shortname":"Samoa","longname":"Independent State of Samoa","iso3":"WSM","numcode":"882","un":"yes","dialingcode":"685","domain":".ws"},
    {"id":"192","isocode":"SM","shortname":"San Marino","longname":"Republic of San Marino","iso3":"SMR","numcode":"674","un":"yes","dialingcode":"378","domain":".sm"},
    {"id":"193","isocode":"ST","shortname":"Sao Tome and Principe","longname":"Democratic Republic of S&atilde;o Tom&eacute; and Pr&iacute;ncipe","iso3":"STP","numcode":"678","un":"yes","dialingcode":"239","domain":".st"},
    {"id":"194","isocode":"SA","shortname":"Saudi Arabia","longname":"Kingdom of Saudi Arabia","iso3":"SAU","numcode":"682","un":"yes","dialingcode":"966","domain":".sa"},
    {"id":"195","isocode":"SN","shortname":"Senegal","longname":"Republic of Senegal","iso3":"SEN","numcode":"686","un":"yes","dialingcode":"221","domain":".sn"},
    {"id":"196","isocode":"RS","shortname":"Serbia","longname":"Republic of Serbia","iso3":"SRB","numcode":"688","un":"yes","dialingcode":"381","domain":".rs"},
    {"id":"197","isocode":"SC","shortname":"Seychelles","longname":"Republic of Seychelles","iso3":"SYC","numcode":"690","un":"yes","dialingcode":"248","domain":".sc"},
    {"id":"198","isocode":"SL","shortname":"Sierra Leone","longname":"Republic of Sierra Leone","iso3":"SLE","numcode":"694","un":"yes","dialingcode":"232","domain":".sl"},
    {"id":"199","isocode":"SG","shortname":"Singapore","longname":"Republic of Singapore","iso3":"SGP","numcode":"702","un":"yes","dialingcode":"65","domain":".sg"},
    {"id":"200","isocode":"SX","shortname":"Sint Maarten","longname":"Sint Maarten","iso3":"SXM","numcode":"534","un":"no","dialingcode":"1+721","domain":".sx"},
    {"id":"201","isocode":"SK","shortname":"Slovakia","longname":"Slovak Republic","iso3":"SVK","numcode":"703","un":"yes","dialingcode":"421","domain":".sk"},
    {"id":"202","isocode":"SI","shortname":"Slovenia","longname":"Republic of Slovenia","iso3":"SVN","numcode":"705","un":"yes","dialingcode":"386","domain":".si"},
    {"id":"203","isocode":"SB","shortname":"Solomon Islands","longname":"Solomon Islands","iso3":"SLB","numcode":"090","un":"yes","dialingcode":"677","domain":".sb"},
    {"id":"204","isocode":"SO","shortname":"Somalia","longname":"Somali Republic","iso3":"SOM","numcode":"706","un":"yes","dialingcode":"252","domain":".so"},
    {"id":"205","isocode":"ZA","shortname":"South Africa","longname":"Republic of South Africa","iso3":"ZAF","numcode":"710","un":"yes","dialingcode":"27","domain":".za"},
    {"id":"206","isocode":"GS","shortname":"South Georgia and the South Sandwich Islands","longname":"South Georgia and the South Sandwich Islands","iso3":"SGS","numcode":"239","un":"no","dialingcode":"500","domain":".gs"},
    {"id":"207","isocode":"KR","shortname":"South Korea","longname":"Republic of Korea","iso3":"KOR","numcode":"410","un":"yes","dialingcode":"82","domain":".kr"},
    {"id":"208","isocode":"SS","shortname":"South Sudan","longname":"Republic of South Sudan","iso3":"SSD","numcode":"728","un":"yes","dialingcode":"211","domain":".ss"},
    {"id":"209","isocode":"ES","shortname":"Spain","longname":"Kingdom of Spain","iso3":"ESP","numcode":"724","un":"yes","dialingcode":"34","domain":".es"},
    {"id":"210","isocode":"LK","shortname":"Sri Lanka","longname":"Democratic Socialist Republic of Sri Lanka","iso3":"LKA","numcode":"144","un":"yes","dialingcode":"94","domain":".lk"},
    {"id":"211","isocode":"SD","shortname":"Sudan","longname":"Republic of the Sudan","iso3":"SDN","numcode":"729","un":"yes","dialingcode":"249","domain":".sd"},
    {"id":"212","isocode":"SR","shortname":"Suriname","longname":"Republic of Suriname","iso3":"SUR","numcode":"740","un":"yes","dialingcode":"597","domain":".sr"},
    {"id":"213","isocode":"SJ","shortname":"Svalbard and Jan Mayen","longname":"Svalbard and Jan Mayen","iso3":"SJM","numcode":"744","un":"no","dialingcode":"47","domain":".sj"},
    {"id":"214","isocode":"SZ","shortname":"Swaziland","longname":"Kingdom of Swaziland","iso3":"SWZ","numcode":"748","un":"yes","dialingcode":"268","domain":".sz"},
    {"id":"215","isocode":"SE","shortname":"Sweden","longname":"Kingdom of Sweden","iso3":"SWE","numcode":"752","un":"yes","dialingcode":"46","domain":".se"},
    {"id":"216","isocode":"CH","shortname":"Switzerland","longname":"Swiss Confederation","iso3":"CHE","numcode":"756","un":"yes","dialingcode":"41","domain":".ch"},
    {"id":"217","isocode":"SY","shortname":"Syria","longname":"Syrian Arab Republic","iso3":"SYR","numcode":"760","un":"yes","dialingcode":"963","domain":".sy"},
    {"id":"218","isocode":"TW","shortname":"Taiwan","longname":"Republic of China (Taiwan)","iso3":"TWN","numcode":"158","un":"former","dialingcode":"886","domain":".tw"},
    {"id":"219","isocode":"TJ","shortname":"Tajikistan","longname":"Republic of Tajikistan","iso3":"TJK","numcode":"762","un":"yes","dialingcode":"992","domain":".tj"},
    {"id":"220","isocode":"TZ","shortname":"Tanzania","longname":"United Republic of Tanzania","iso3":"TZA","numcode":"834","un":"yes","dialingcode":"255","domain":".tz"},
    {"id":"221","isocode":"TH","shortname":"Thailand","longname":"Kingdom of Thailand","iso3":"THA","numcode":"764","un":"yes","dialingcode":"66","domain":".th"},
    {"id":"222","isocode":"TL","shortname":"Timor-Leste (East Timor)","longname":"Democratic Republic of Timor-Leste","iso3":"TLS","numcode":"626","un":"yes","dialingcode":"670","domain":".tl"},
    {"id":"223","isocode":"TG","shortname":"Togo","longname":"Togolese Republic","iso3":"TGO","numcode":"768","un":"yes","dialingcode":"228","domain":".tg"},
    {"id":"224","isocode":"TK","shortname":"Tokelau","longname":"Tokelau","iso3":"TKL","numcode":"772","un":"no","dialingcode":"690","domain":".tk"},
    {"id":"225","isocode":"TO","shortname":"Tonga","longname":"Kingdom of Tonga","iso3":"TON","numcode":"776","un":"yes","dialingcode":"676","domain":".to"},
    {"id":"226","isocode":"TT","shortname":"Trinidad and Tobago","longname":"Republic of Trinidad and Tobago","iso3":"TTO","numcode":"780","un":"yes","dialingcode":"1+868","domain":".tt"},
    {"id":"227","isocode":"TN","shortname":"Tunisia","longname":"Republic of Tunisia","iso3":"TUN","numcode":"788","un":"yes","dialingcode":"216","domain":".tn"},
    {"id":"228","isocode":"TR","shortname":"Turkey","longname":"Republic of Turkey","iso3":"TUR","numcode":"792","un":"yes","dialingcode":"90","domain":".tr"},
    {"id":"229","isocode":"TM","shortname":"Turkmenistan","longname":"Turkmenistan","iso3":"TKM","numcode":"795","un":"yes","dialingcode":"993","domain":".tm"},
    {"id":"230","isocode":"TC","shortname":"Turks and Caicos Islands","longname":"Turks and Caicos Islands","iso3":"TCA","numcode":"796","un":"no","dialingcode":"1+649","domain":".tc"},
    {"id":"231","isocode":"TV","shortname":"Tuvalu","longname":"Tuvalu","iso3":"TUV","numcode":"798","un":"yes","dialingcode":"688","domain":".tv"},
    {"id":"232","isocode":"UG","shortname":"Uganda","longname":"Republic of Uganda","iso3":"UGA","numcode":"800","un":"yes","dialingcode":"256","domain":".ug"},
    {"id":"233","isocode":"UA","shortname":"Ukraine","longname":"Ukraine","iso3":"UKR","numcode":"804","un":"yes","dialingcode":"380","domain":".ua"},
    {"id":"234","isocode":"AE","shortname":"United Arab Emirates","longname":"United Arab Emirates","iso3":"ARE","numcode":"784","un":"yes","dialingcode":"971","domain":".ae"},
    {"id":"235","isocode":"GB","shortname":"United Kingdom","longname":"United Kingdom of Great Britain and Nothern Ireland","iso3":"GBR","numcode":"826","un":"yes","dialingcode":"44","domain":".uk"},
    {"id":"236","isocode":"US","shortname":"United States","longname":"United States of America","iso3":"USA","numcode":"840","un":"yes","dialingcode":"1","domain":".us"},
    {"id":"237","isocode":"UM","shortname":"United States Minor Outlying Islands","longname":"United States Minor Outlying Islands","iso3":"UMI","numcode":"581","un":"no","dialingcode":"NONE","domain":"NONE"},
    {"id":"238","isocode":"UY","shortname":"Uruguay","longname":"Eastern Republic of Uruguay","iso3":"URY","numcode":"858","un":"yes","dialingcode":"598","domain":".uy"},
    {"id":"239","isocode":"UZ","shortname":"Uzbekistan","longname":"Republic of Uzbekistan","iso3":"UZB","numcode":"860","un":"yes","dialingcode":"998","domain":".uz"},
    {"id":"240","isocode":"VU","shortname":"Vanuatu","longname":"Republic of Vanuatu","iso3":"VUT","numcode":"548","un":"yes","dialingcode":"678","domain":".vu"},
    {"id":"241","isocode":"VA","shortname":"Vatican City","longname":"State of the Vatican City","iso3":"VAT","numcode":"336","un":"no","dialingcode":"39","domain":".va"},
    {"id":"242","isocode":"VE","shortname":"Venezuela","longname":"Bolivarian Republic of Venezuela","iso3":"VEN","numcode":"862","un":"yes","dialingcode":"58","domain":".ve"},
    {"id":"243","isocode":"VN","shortname":"Vietnam","longname":"Socialist Republic of Vietnam","iso3":"VNM","numcode":"704","un":"yes","dialingcode":"84","domain":".vn"},
    {"id":"244","isocode":"VG","shortname":"Virgin Islands, British","longname":"British Virgin Islands","iso3":"VGB","numcode":"092","un":"no","dialingcode":"1+284","domain":".vg"},
    {"id":"245","isocode":"VI","shortname":"Virgin Islands, US","longname":"Virgin Islands of the United States","iso3":"VIR","numcode":"850","un":"no","dialingcode":"1+340","domain":".vi"},
    {"id":"246","isocode":"WF","shortname":"Wallis and Futuna","longname":"Wallis and Futuna","iso3":"WLF","numcode":"876","un":"no","dialingcode":"681","domain":".wf"},
    {"id":"247","isocode":"EH","shortname":"Western Sahara","longname":"Western Sahara","iso3":"ESH","numcode":"732","un":"no","dialingcode":"212","domain":".eh"},
    {"id":"248","isocode":"YE","shortname":"Yemen","longname":"Republic of Yemen","iso3":"YEM","numcode":"887","un":"yes","dialingcode":"967","domain":".ye"},
    {"id":"249","isocode":"ZM","shortname":"Zambia","longname":"Republic of Zambia","iso3":"ZMB","numcode":"894","un":"yes","dialingcode":"260","domain":".zm"},
    {"id":"250","isocode":"ZW","shortname":"Zimbabwe","longname":"Republic of Zimbabwe","iso3":"ZWE","numcode":"716","un":"yes","dialingcode":"263","domain":".zw"}
    ]
    