[
{"id":"1","name":"UAE Dirham","code":"AED"},
{"id":"2","name":"Afghani (؋)","code":"AFN"},
{"id":"3","name":"Lek (Lek)","code":"ALL"},
{"id":"4","name":"Armenian Dram (դր.)","code":"AMD"},
{"id":"5","name":"Netherlands Antillean Guilder (NAƒ)","code":"ANG"},
{"id":"6","name":"Kwanza","code":"AOA"},
{"id":"7","name":"Argentine Peso","code":"ARS"},
{"id":"8","name":"Australian Dollar (A$)","code":"AUD"},
{"id":"9","name":"Aruban Florin (Afl)","code":"AWG"},
{"id":"10","name":"Azerbaijanian Manat (₼)","code":"AZN"},
{"id":"11","name":"Convertible Mark (KM)","code":"BAM"},
{"id":"12","name":"Barbados Dollar","code":"BBD"},
{"id":"13","name":"Taka","code":"BDT"},
{"id":"14","name":"Bulgarian Lev (лв)","code":"BGN"},
{"id":"15","name":"Bahraini Dinar (.د.ب)","code":"BHD"},
{"id":"16","name":"Burundi Franc","code":"BIF"},
{"id":"17","name":"Bermudian Dollar (BD$)","code":"BMD"},
{"id":"18","name":"Brunei Dollar","code":"BND"},
{"id":"19","name":"Boliviano (Bs.)","code":"BOB"},
{"id":"20","name":"Mvdol","code":"BOV"},
{"id":"21","name":"Brazilian Real (R$)","code":"BRL"},
{"id":"22","name":"Bahamian Dollar","code":"BSD"},
{"id":"23","name":"Ngultrum","code":"BTN"},
{"id":"24","name":"Pula (P)","code":"BWP"},
{"id":"25","name":"Belarussian Ruble (р.)","code":"BYN"},
{"id":"26","name":"Belarussian Ruble (р.)","code":"BYR"},
{"id":"27","name":"Belize Dollar (BZ$)","code":"BZD"},
{"id":"28","name":"Canadian Dollar (CA$)","code":"CAD"},
{"id":"29","name":"Congolese Franc","code":"CDF"},
{"id":"30","name":"WIR Euro","code":"CHE"},
{"id":"31","name":"Swiss Franc","code":"CHF"},
{"id":"32","name":"WIR Franc","code":"CHW"},
{"id":"33","name":"Unidad de Fomento","code":"CLF"},
{"id":"34","name":"Chilean Peso","code":"CLP"},
{"id":"35","name":"Yuan Renminbi (元)","code":"CNY"},
{"id":"36","name":"Colombian Peso","code":"COP"},
{"id":"37","name":"Unidad de Valor Real","code":"COU"},
{"id":"38","name":"Cost Rican Colon (₡)","code":"CRC"},
{"id":"39","name":"Peso Convertible","code":"CUC"},
{"id":"40","name":"Cuban Peso ($MN)","code":"CUP"},
{"id":"41","name":"Cabo Verde Escudo","code":"CVE"},
{"id":"42","name":"Czech Koruna (Kč)","code":"CZK"},
{"id":"43","name":"Djibouti Franc","code":"DJF"},
{"id":"44","name":"Danish Krone","code":"DKK"},
{"id":"45","name":"Dominican Peso (RD$)","code":"DOP"},
{"id":"46","name":"Algerian Dinar (.د.ج)","code":"DZD"},
{"id":"47","name":"Estonian Kroon","code":"EEK"},
{"id":"48","name":"Egyptian Pound (.ج.م)","code":"EGP"},
{"id":"49","name":"Nakfa","code":"ERN"},
{"id":"50","name":"Ethiopian Birr","code":"ETB"},
{"id":"51","name":"Euro (€)","code":"EUR"},
{"id":"52","name":"Fiji Dollar (FJ$)","code":"FJD"},
{"id":"53","name":"Falkland Islands Pound","code":"FKP"},
{"id":"54","name":"Pound Sterling (£)","code":"GBP"},
{"id":"55","name":"Lari","code":"GEL"},
{"id":"56","name":"Guernsey Pound","code":"GGP"},
{"id":"57","name":"Ghanaian Cedi (¢)","code":"GHC"},
{"id":"58","name":"Ghan Cedi","code":"GHS"},
{"id":"59","name":"Gibraltar Pound","code":"GIP"},
{"id":"60","name":"Dalasi","code":"GMD"},
{"id":"61","name":"Guine Franc","code":"GNF"},
{"id":"62","name":"Quetzal (Q)","code":"GTQ"},
{"id":"63","name":"Guyan Dollar (GY$)","code":"GYD"},
{"id":"64","name":"Hong Kong Dollar (HK$)","code":"HKD"},
{"id":"65","name":"Lempira (L)","code":"HNL"},
{"id":"66","name":"Croatian Kuna (kn)","code":"HRK"},
{"id":"67","name":"Gourde","code":"HTG"},
{"id":"68","name":"Forint (Ft)","code":"HUF"},
{"id":"69","name":"Rupiah (Rp)","code":"IDR"},
{"id":"70","name":"New Israeli Sheqel (₪)","code":"ILS"},
{"id":"71","name":"Manx Pound","code":"IMP"},
{"id":"72","name":"Indian Rupee (₹)","code":"INR"},
{"id":"73","name":"Iraqi Dinar (.د.ع)","code":"IQD"},
{"id":"74","name":"Iranian Rial (.ر.ا)","code":"IRR"},
{"id":"75","name":"Iceland Krona","code":"ISK"},
{"id":"76","name":"Jersey Pound","code":"JEP"},
{"id":"77","name":"Jamaican Dollar (J$)","code":"JMD"},
{"id":"78","name":"Jordanian Dinar","code":"JOD"},
{"id":"79","name":"Yen (¥)","code":"JPY"},
{"id":"80","name":"Kenyan Shilling (KSh)","code":"KES"},
{"id":"81","name":"Som (сом)","code":"KGS"},
{"id":"82","name":"Riel (៛)","code":"KHR"},
{"id":"83","name":"Comoro Franc","code":"KMF"},
{"id":"84","name":"North Korean Won","code":"KPW"},
{"id":"85","name":"Won (₩)","code":"KRW"},
{"id":"86","name":"Kuwaiti Dinar (.د.ك)","code":"KWD"},
{"id":"87","name":"Cayman Islands Dollar (CI$)","code":"KYD"},
{"id":"88","name":"Tenge (₸)","code":"KZT"},
{"id":"89","name":"Kip (₭)","code":"LAK"},
{"id":"90","name":"Lebanese Pound (.ل.ل)","code":"LBP"},
{"id":"91","name":"Sri Lank Rupee","code":"LKR"},
{"id":"92","name":"Liberian Dollar (L$)","code":"LRD"},
{"id":"93","name":"Loti","code":"LSL"},
{"id":"94","name":"Lithuanian Litas (Lt)","code":"LTL"},
{"id":"95","name":"Latvian Lats (Ls)","code":"LVL"},
{"id":"96","name":"Libyan Dinar (.د.ل)","code":"LYD"},
{"id":"97","name":"Moroccan Dirham (.د.م)","code":"MAD"},
{"id":"98","name":"Moldovan Leu","code":"MDL"},
{"id":"99","name":"Malagasy riary","code":"MGA"},
{"id":"100","name":"Denar (ден)","code":"MKD"},
{"id":"101","name":"Kyat","code":"MMK"},
{"id":"102","name":"Tugrik (₮)","code":"MNT"},
{"id":"103","name":"Pataca","code":"MOP"},
{"id":"104","name":"Ouguiya","code":"MRO"},
{"id":"105","name":"Mauritius Rupee","code":"MUR"},
{"id":"106","name":"Rufiyaa","code":"MVR"},
{"id":"107","name":"Kwacha","code":"MWK"},
{"id":"108","name":"Mexican Peso","code":"MXN"},
{"id":"109","name":"Mexican Unidad de Inversion (UDI)","code":"MXV"},
{"id":"110","name":"Malaysian Ringgit (RM)","code":"MYR"},
{"id":"111","name":"Mozambique Metical (MT)","code":"MZN"},
{"id":"112","name":"Namibi Dollar (N$)","code":"NAD"},
{"id":"113","name":"Naira (₦)","code":"NGN"},
{"id":"114","name":"Cordob Oro (C$)","code":"NIO"},
{"id":"115","name":"Norwegian Krone","code":"NOK"},
{"id":"116","name":"Nepalese Rupee","code":"NPR"},
{"id":"117","name":"New Zealand Dollar (NZ$)","code":"NZD"},
{"id":"118","name":"Rial Omani (.ر.ع)","code":"OMR"},
{"id":"119","name":"Balboa (B\/.)","code":"PAB"},
{"id":"120","name":"Nuevo Sol (S\/)","code":"PEN"},
{"id":"121","name":"Kina","code":"PGK"},
{"id":"122","name":"Philippine Peso (₱)","code":"PHP"},
{"id":"123","name":"Pakistan Rupee","code":"PKR"},
{"id":"124","name":"Zloty (zł)","code":"PLN"},
{"id":"125","name":"Guarani (Gs)","code":"PYG"},
{"id":"126","name":"Qatari Rial (.ر.ق)","code":"QAR"},
{"id":"127","name":"New Romanian Leu (lei)","code":"RON"},
{"id":"128","name":"Serbian Dinar (Дин.)","code":"RSD"},
{"id":"129","name":"Russian Ruble (₽)","code":"RUB"},
{"id":"130","name":"Russian Ruble (₽)","code":"RUR"},
{"id":"131","name":"Rwand Franc","code":"RWF"},
{"id":"132","name":"SAR: Saudi Riyal (.ر.س)","code":"SAR"},
{"id":"133","name":"SBD: Solomon Islands Dollar (SI$)","code":"SBD"},
{"id":"134","name":"SCR: Seychelles Rupee","code":"SCR"},
{"id":"135","name":"SDG: Sudanese Pound","code":"SDG"},
{"id":"136","name":"SEK: Swedish Krona","code":"SEK"},
{"id":"137","name":"SGD: Singapore Dollar (S$)","code":"SGD"},
{"id":"138","name":"SHP: Saint Helen Pound","code":"SHP"},
{"id":"139","name":"SLL: Leone ","code":"SLL"},
{"id":"140","name":"SOS: Somali Shilling (S)","code":"SOS"},
{"id":"141","name":"SRD: Surinam Dollar","code":"SRD"},
{"id":"142","name":"SSP: South Sudanese Pound","code":"SSP"},
{"id":"143","name":"STD: Dobra","code":"STD"},
{"id":"144","name":"SVC: El Salvador Colon (C)","code":"SVC"},
{"id":"145","name":"SYP: Syrian Pound (.ل.س)","code":"SYP"},
{"id":"146","name":"SZL: Lilangeni","code":"SZL"},
{"id":"147","name":"THB: Baht (฿)","code":"THB"},
{"id":"148","name":"TJS: Somoni","code":"TJS"},
{"id":"149","name":"TMT: Turkmenistan New Manat","code":"TMT"},
{"id":"150","name":"TND: Tunisian Dinar (.د.ت)","code":"TND"},
{"id":"151","name":"TOP: Pa’anga","code":"TOP"},
{"id":"152","name":"TRL: Turkish Lira","code":"TRL"},
{"id":"153","name":"TRY: Turkish Lira (₺)","code":"TRY"},
{"id":"154","name":"TTD: Trinidad and Tobago Dollar (TT$)","code":"TTD"},
{"id":"155","name":"TWD: New Taiwan Dollar (NT$)","code":"TWD"},
{"id":"156","name":"TZS: Tanzanian Shilling (TSh)","code":"TZS"},
{"id":"157","name":"UAH: Hryvnia (₴)","code":"UAH"},
{"id":"158","name":"UGX: Ugand Shilling (USh) ","code":"UGX"},
{"id":"159","name":"USD: US Dollar ($)","code":"USD"},
{"id":"160","name":"USN: US Dollar (Next day) ","code":"USN"},
{"id":"161","name":"UYI: Uruguay Peso en Unidades Indexadas (URUIURUI)","code":"UYI"},
{"id":"162","name":"UYU: Peso Uruguayo ($U)","code":"UYU"},
{"id":"163","name":"UZS: Uzbekistan Sum (so’m)","code":"UZS"},
{"id":"164","name":"VEF: Bolivar (Bs)","code":"VEF"},
{"id":"165","name":"VND: Dong (₫)","code":"VND"},
{"id":"166","name":"VUV: Vatu","code":"VUV"},
{"id":"167","name":"WST: Tala","code":"WST"},
{"id":"168","name":"XAF: CF Franc BEAC","code":"XAF"},
{"id":"169","name":"XCD: East Caribbean Dollar (EC$)","code":"XCD"},
{"id":"170","name":"XDR: SDR (Special Drawing Right)","code":"XDR"},
{"id":"171","name":"XOF: CF Franc BCEAO","code":"XOF"},
{"id":"172","name":"XPF: CFP Franc","code":"XPF"},
{"id":"173","name":"XSU: Sucre","code":"XSU"},
{"id":"174","name":"XUA: ADB Unit of Account","code":"XUA"},
{"id":"175","name":"YER: Yemeni Rial (.ر.ي)","code":"YER"},
{"id":"176","name":"ZAR: Rand (R) ","code":"ZAR"},
{"id":"177","name":"ZMW: Zambian Kwacha","code":"ZMW"},
{"id":"178","name":"ZWD: Zimbabwe Dollar (Z$)","code":"ZWD"},
{"id":"179","name":"ZWL: Zimbabwe Dollar","code":"ZWL"}
]


